YGD_ID	gene_name	NCBI_ID	chr	start	end	strand	gene_type	interpro_ID	interpro_description	GO_slim_ID	GO_slim_description	gene_description	human_gene_ID	human_gene_name	yeast_gene_similarity	ortholog_confidence
ETS1-1															NA	NA
ETS1-2															NA	NA
ETS2-1															NA	NA
ETS2-2															NA	NA
HRA1															NA	NA
ICR1															NA	NA
IRT1															NA	NA
ITS1-1															NA	NA
ITS1-2															NA	NA
ITS2-1															NA	NA
ITS2-2															NA	NA
LSR1															NA	NA
NME1															NA	NA
PWR1															NA	NA
Q0010	Q0010		Mito	3952	4338	+	protein_coding			GO:0005739	mitochondrion	Dubious open reading frame; unlikely to encode a protein, based on available experimental and comparative sequence data; partially overlaps the dubious ORF Q0017 [Source:SGD;Acc:S000007257]			NA	NA
Q0017	Q0017		Mito	4254	4415	+	protein_coding			GO:0005739	mitochondrion	Dubious open reading frame; unlikely to encode a protein, based on available experimental and comparative sequence data; partially overlaps the dubious ORF Q0010 [Source:SGD;Acc:S000007258]			NA	NA
Q0020															NA	NA
Q0032	Q0032		Mito	11667	11957	+	protein_coding			GO:0005739	mitochondrion	Dubious open reading frame; unlikely to encode a functional protein, based on available experimental and comparative sequence data [Source:SGD;Acc:S000007259]			NA	NA
Q0045	COX1	854598	Mito	13818	26701	+	protein_coding	IPR000883;IPR023615;IPR023616;IPR033944;IPR036927	Cytochrome c oxidase subunit I;Cytochrome c oxidase, subunit I, copper-binding site;Cytochrome c oxidase-like, subunit I domain;Cytochrome c oxidase subunit I domain;Cytochrome c oxidase-like, subunit I  superfamily	GO:0006091;GO:0045333;GO:0055086;GO:0016491;GO:0022857;GO:0043167;GO:0006811;GO:0055085	generation of precursor metabolites and energy;cellular respiration;nucleobase-containing small molecule metabolic process;oxidoreductase activity;transmembrane transporter activity;ion binding;ion transport;transmembrane transport	Subunit I of cytochrome c oxidase (Complex IV); Complex IV is the terminal member of the mitochondrial inner membrane electron transport chain; one of three mitochondrially-encoded subunits [Source:SGD;Acc:S000007260]	ENSG00000198804	MT-CO1	51.6569	1
Q0050		854593	Mito	13818	16322	+	protein_coding	IPR000477;IPR003615;IPR024937;IPR036927	Reverse transcriptase domain;HNH nuclease;Domain X;Cytochrome c oxidase-like, subunit I  superfamily	GO:0005739;GO:0006397;GO:0006310;GO:0016740;GO:0016779	mitochondrion;mRNA processing;DNA recombination;transferase activity;nucleotidyltransferase activity	Reverse transcriptase required for splicing of the COX1 pre-mRNA; encoded by a mobile group II intron within the mitochondrial COX1 gene [Source:SGD;Acc:S000007261]			NA	NA
Q0055		854594	Mito	13818	18830	+	protein_coding	IPR000477;IPR000883;IPR003615;IPR023616;IPR024937;IPR036927	Reverse transcriptase domain;Cytochrome c oxidase subunit I;HNH nuclease;Cytochrome c oxidase-like, subunit I domain;Domain X;Cytochrome c oxidase-like, subunit I  superfamily	GO:0005739;GO:0006397;GO:0006091;GO:0045333;GO:0016491;GO:0022857;GO:0043167;GO:0006310;GO:0016740;GO:0016779	mitochondrion;mRNA processing;generation of precursor metabolites and energy;cellular respiration;oxidoreductase activity;transmembrane transporter activity;ion binding;DNA recombination;transferase activity;nucleotidyltransferase activity	Reverse transcriptase required for splicing of the COX1 pre-mRNA; encoded by a mobile group II intron within the mitochondrial COX1 gene [Source:SGD;Acc:S000007262]			NA	NA
Q0060	AI3	854595	Mito	13818	19996	+	protein_coding	IPR000883;IPR004860;IPR023616;IPR027434;IPR036927	Cytochrome c oxidase subunit I;Homing endonuclease, LAGLIDADG;Cytochrome c oxidase-like, subunit I domain;Homing endonuclease;Cytochrome c oxidase-like, subunit I  superfamily	GO:0005739;GO:0016787;GO:0004518;GO:0006397;GO:0006091;GO:0045333;GO:0055086;GO:0016491;GO:0022857;GO:0043167;GO:0006811;GO:0055085;GO:0006310;GO:0008380	mitochondrion;hydrolase activity;nuclease activity;mRNA processing;generation of precursor metabolites and energy;cellular respiration;nucleobase-containing small molecule metabolic process;oxidoreductase activity;transmembrane transporter activity;ion binding;ion transport;transmembrane transport;DNA recombination;RNA splicing	Endonuclease I-SceIII; encoded by a mobile group I intron within the mitochondrial COX1 gene [Source:SGD;Acc:S000007263]			NA	NA
Q0065	AI4	854596	Mito	13818	21935	+	protein_coding	IPR000883;IPR004860;IPR023616;IPR027434;IPR036927	Cytochrome c oxidase subunit I;Homing endonuclease, LAGLIDADG;Cytochrome c oxidase-like, subunit I domain;Homing endonuclease;Cytochrome c oxidase-like, subunit I  superfamily	GO:0005739;GO:0016787;GO:0004518;GO:0006397;GO:0006091;GO:0045333;GO:0055086;GO:0016491;GO:0022857;GO:0043167;GO:0006811;GO:0055085;GO:0006310;GO:0008380	mitochondrion;hydrolase activity;nuclease activity;mRNA processing;generation of precursor metabolites and energy;cellular respiration;nucleobase-containing small molecule metabolic process;oxidoreductase activity;transmembrane transporter activity;ion binding;ion transport;transmembrane transport;DNA recombination;RNA splicing	Endonuclease I-SceII; encoded by a mobile group I intron within the mitochondrial COX1 gene; intron is normally spliced by the BI4p maturase but AI4p can mutate to acquire the same maturase activity [Source:SGD;Acc:S000007264]	ENSG00000198804	MT-CO1	34.308	1
Q0070		854597	Mito	13818	23167	+	protein_coding	IPR000883;IPR004860;IPR023615;IPR023616;IPR027434;IPR036927	Cytochrome c oxidase subunit I;Homing endonuclease, LAGLIDADG;Cytochrome c oxidase, subunit I, copper-binding site;Cytochrome c oxidase-like, subunit I domain;Homing endonuclease;Cytochrome c oxidase-like, subunit I  superfamily	GO:0005739;GO:0016787;GO:0004518;GO:0006397;GO:0006091;GO:0045333;GO:0055086;GO:0016491;GO:0022857;GO:0043167;GO:0006811;GO:0055085;GO:0008380;GO:0006310	mitochondrion;hydrolase activity;nuclease activity;mRNA processing;generation of precursor metabolites and energy;cellular respiration;nucleobase-containing small molecule metabolic process;oxidoreductase activity;transmembrane transporter activity;ion binding;ion transport;transmembrane transport;RNA splicing;DNA recombination	Endonuclease I-SceIV; involved in intron mobility; encoded by a mobile group I intron within the mitochondrial COX1 gene [Source:SGD;Acc:S000007265]	ENSG00000198804	MT-CO1	45.0292	1
Q0075		854599	Mito	24156	25255	+	protein_coding	IPR004860;IPR027434	Homing endonuclease, LAGLIDADG;Homing endonuclease	GO:0005739;GO:0003723;GO:0003677;GO:0016787;GO:0004518;GO:0008380;GO:0006310	mitochondrion;RNA binding;DNA binding;hydrolase activity;nuclease activity;RNA splicing;DNA recombination	Protein of unknown function; encoded within an intron of the mitochondrial COX1 gene; translational initiation codon is predicted to be ATA rather than ATG [Source:SGD;Acc:S000007266]			NA	NA
Q0080	ATP8	854600;24573117	Mito	27666	27812	+	protein_coding	IPR009230	ATP synthase protein 8, fungi	GO:0006811;GO:0055086;GO:0055085;GO:0022857	ion transport;nucleobase-containing small molecule metabolic process;transmembrane transport;transmembrane transporter activity	Subunit 8 of the F0 sector of mitochondrial F1F0 ATP synthase; encoded on the mitochondrial genome; ATP8 and ATP6 mRNAs are not translated in the absence of the F1 sector of ATPase [Source:SGD;Acc:S000007267]			NA	NA
Q0085	ATP6	854601	Mito	28487	29266	+	protein_coding	IPR000568;IPR023011;IPR035908	ATP synthase, F0 complex, subunit A;ATP synthase, F0 complex, subunit A, active site;ATP synthase, F0 complex, subunit A superfamily	GO:0006811;GO:0055086;GO:0055085;GO:0022857	ion transport;nucleobase-containing small molecule metabolic process;transmembrane transport;transmembrane transporter activity	Subunit a of the F0 sector of mitochondrial F1F0 ATP synthase; mitochondrially encoded; translation is specifically activated by Atp22p; ATP6 and ATP8 mRNAs are not translated in the absence of the F1 sector of ATPase; mutations in human ortholog MT-ATP6 are associated with neurodegenerative disorders such as Neurogenic Ataxia and Retinitis Pigmentosa (NARP), Leigh syndrome (LS), Charcot-Marie-Tooth (CMT), and ataxia telangiectasia [Source:SGD;Acc:S000007268]	ENSG00000198899	MT-ATP6	30.9735	1
Q0092	Q0092		Mito	30874	31014	+	protein_coding			GO:0005739	mitochondrion	Dubious open reading frame; unlikely to encode a functional protein, based on available experimental and comparative sequence data [Source:SGD;Acc:S000007269]			NA	NA
Q0105	COB	854583	Mito	36540	43647	+	protein_coding	IPR005797;IPR005798;IPR016174;IPR027387;IPR030689;IPR036150	Cytochrome b/b6, N-terminal;Cytochrome b/b6, C-terminal;Di-haem cytochrome, transmembrane;Cytochrome b/b6-like domain superfamily;Cytochrome b;Cytochrome b/b6, C-terminal domain superfamily	GO:0043167;GO:0016020;GO:0016491;GO:0006091;GO:0045333;GO:0055086	ion binding;membrane;oxidoreductase activity;generation of precursor metabolites and energy;cellular respiration;nucleobase-containing small molecule metabolic process	Cytochrome b; mitochondrially encoded subunit of the ubiquinol-cytochrome c reductase complex which includes Cobp, Rip1p, Cyt1p, Cor1p, Qcr2p, Qcr6p, Qcr7p, Qcr8p, Qcr9p, and Qcr10p [Source:SGD;Acc:S000007270]	ENSG00000198727	MT-CYB	46.3158	1
Q0110		854604	Mito	36540	38579	+	protein_coding	IPR004860;IPR005797;IPR016174;IPR027387;IPR027434	Homing endonuclease, LAGLIDADG;Cytochrome b/b6, N-terminal;Di-haem cytochrome, transmembrane;Cytochrome b/b6-like domain superfamily;Homing endonuclease	GO:0005739;GO:0016020;GO:0016491;GO:0016787;GO:0004518;GO:0006397;GO:0008380;GO:0006091	mitochondrion;membrane;oxidoreductase activity;hydrolase activity;nuclease activity;mRNA processing;RNA splicing;generation of precursor metabolites and energy	Mitochondrial mRNA maturase with a role in splicing; encoded by both exon and intron sequences of partially processed COB mRNA [Source:SGD;Acc:S000007271]	ENSG00000198727	MT-CYB	25.5263	0
Q0115		854605	Mito	36540	40265	+	protein_coding	IPR004860;IPR005797;IPR016174;IPR027387;IPR027434	Homing endonuclease, LAGLIDADG;Cytochrome b/b6, N-terminal;Di-haem cytochrome, transmembrane;Cytochrome b/b6-like domain superfamily;Homing endonuclease	GO:0005739;GO:0016020;GO:0003723;GO:0016491;GO:0016787;GO:0004518;GO:0006397;GO:0008380;GO:0006091	mitochondrion;membrane;RNA binding;oxidoreductase activity;hydrolase activity;nuclease activity;mRNA processing;RNA splicing;generation of precursor metabolites and energy	Mitochondrial mRNA maturase; forms a complex with Mrs1p to mediate splicing of the bI3 intron of the COB gene; encoded by both exon and intron sequences of partially processed COB mRNA [Source:SGD;Acc:S000007272]	ENSG00000198727	MT-CYB	28.9474	0
Q0120		854582	Mito	36540	42251	+	protein_coding	IPR004860;IPR005797;IPR016174;IPR027387;IPR027434	Homing endonuclease, LAGLIDADG;Cytochrome b/b6, N-terminal;Di-haem cytochrome, transmembrane;Cytochrome b/b6-like domain superfamily;Homing endonuclease	GO:0005739;GO:0016020;GO:0003723;GO:0016491;GO:0016787;GO:0004518;GO:0006397;GO:0008380;GO:0006091	mitochondrion;membrane;RNA binding;oxidoreductase activity;hydrolase activity;nuclease activity;mRNA processing;RNA splicing;generation of precursor metabolites and energy	Mitochondrial mRNA maturase; forms a complex with Nam2p to mediate splicing of the bI4 intron of the COB gene; encoded by both exon and intron sequences of partially processed COB mRNA [Source:SGD;Acc:S000007273]	ENSG00000198727	MT-CYB	41.5789	0
Q0130	OLI1	854584;24573116	Mito	46723	46953	+	protein_coding	IPR000454;IPR002379;IPR020537;IPR035921;IPR038662	ATP synthase, F0 complex, subunit C;V-ATPase proteolipid subunit C-like domain;ATP synthase, F0 complex, subunit C, DCCD-binding site;F/V-ATP synthase subunit C superfamily;F1F0 ATP synthase subunit C superfamily	GO:0005740;GO:0006811;GO:0055086;GO:0055085;GO:0022857;GO:0008289	mitochondrial envelope;ion transport;nucleobase-containing small molecule metabolic process;transmembrane transport;transmembrane transporter activity;lipid binding	F0-ATP synthase subunit c (ATPase-associated proteolipid); encoded on the mitochondrial genome; mutation confers oligomycin resistance; expression is specifically dependent on the nuclear genes AEP1 and AEP2 [Source:SGD;Acc:S000007274]			NA	NA
Q0140	VAR1	854586	Mito	48901	50097	+	protein_coding	IPR007980	Ribosomal protein VAR1	GO:0005840;GO:0005198;GO:0003735;GO:0032543	ribosome;structural molecule activity;structural constituent of ribosome;mitochondrial translation	Mitochondrial ribosomal protein of the small subunit; mitochondrially-encoded; polymorphic in different strains due to variation in number of AAT (asparagine) codons; translated near the mitochondrial inner membrane; may have a role in loss of mitochondrial DNA under stress conditions [Source:SGD;Acc:S000007275]			NA	NA
Q0142	Q0142		Mito	51052	51228	+	protein_coding			GO:0005739	mitochondrion	Dubious open reading frame; unlikely to encode a functional protein, based on available experimental and comparative sequence data; partially overlaps dubious open reading frame Q0143 [Source:SGD;Acc:S000007276]			NA	NA
Q0143	Q0143		Mito	51277	51429	+	protein_coding			GO:0005739	mitochondrion	Dubious open reading frame; unlikely to encode a functional protein, based on available experimental and comparative sequence data [Source:SGD;Acc:S000007277]			NA	NA
Q0144			Mito	54109	54438	+	protein_coding			GO:0005739	mitochondrion	Dubious open reading frame; unlikely to encode a functional protein, based on available experimental and comparative sequence data [Source:SGD;Acc:S000007278]			NA	NA
Q0158															NA	NA
Q0160	SCEI	854590	Mito	61022	61729	+	protein_coding	IPR004860;IPR027434	Homing endonuclease, LAGLIDADG;Homing endonuclease	GO:0005739;GO:0016787;GO:0004518;GO:0006397;GO:0006310;GO:0008380	mitochondrion;hydrolase activity;nuclease activity;mRNA processing;DNA recombination;RNA splicing	I-SceI DNA endonuclease; encoded by the mitochondrial group I intron of the 21S_rRNA gene; mediates gene conversion that propagates the intron into intron-less copies of the 21S_rRNA gene [Source:SGD;Acc:S000007279]			NA	NA
Q0182	Q0182		Mito	65770	66174	+	protein_coding			GO:0005739	mitochondrion	Dubious open reading frame; unlikely to encode a functional protein, based on available experimental and comparative sequence data [Source:SGD;Acc:S000007280]			NA	NA
Q0250	COX2	854622	Mito	73758	74513	+	protein_coding	IPR001505;IPR002429;IPR008972;IPR011759;IPR014222;IPR034210;IPR036257	Copper centre Cu(A);Cytochrome c oxidase subunit II-like C-terminal;Cupredoxin;Cytochrome C oxidase subunit II, transmembrane domain;Cytochrome c oxidase, subunit II;Cytochrome c oxidase subunit 2, C-terminal;Cytochrome C oxidase subunit II, transmembrane domain superfamily	GO:0043167;GO:0016020;GO:0016491;GO:0006091;GO:0045333;GO:0055086;GO:0022857	ion binding;membrane;oxidoreductase activity;generation of precursor metabolites and energy;cellular respiration;nucleobase-containing small molecule metabolic process;transmembrane transporter activity	Subunit II of cytochrome c oxidase (Complex IV); Complex IV is the terminal member of the mitochondrial inner membrane electron transport chain; one of three mitochondrially-encoded subunits [Source:SGD;Acc:S000007281]	ENSG00000198712	MT-CO2	41.8502	1
Q0255	Q0255	854623	Mito	74495	75984	+	protein_coding	IPR003647;IPR004860;IPR010896;IPR027434	Intron encoded nuclease repeat;Homing endonuclease, LAGLIDADG;Nuclease-associated modular DNA-binding 1;Homing endonuclease	GO:0005739;GO:0003723;GO:0003677;GO:0016787;GO:0004518;GO:0008380	mitochondrion;RNA binding;DNA binding;hydrolase activity;nuclease activity;RNA splicing	Maturase-like protein [Source:SGD;Acc:S000007282]			NA	NA
Q0275	COX3	24573142;854627	Mito	79213	80022	+	protein_coding	IPR000298;IPR013833;IPR024791;IPR033945;IPR035973	Cytochrome c oxidase subunit III-like;Cytochrome c oxidase, subunit III, 4-helical bundle;Cytochrome c oxidase subunit III;Cytochrome c oxidase subunit III domain;Cytochrome c oxidase subunit III-like superfamily	GO:0005739;GO:0016020;GO:0006091;GO:0045333;GO:0055086;GO:0016491;GO:0022857	mitochondrion;membrane;generation of precursor metabolites and energy;cellular respiration;nucleobase-containing small molecule metabolic process;oxidoreductase activity;transmembrane transporter activity	Subunit III of cytochrome c oxidase (Complex IV); Complex IV is the terminal member of the mitochondrial inner membrane electron transport chain; one of three mitochondrially-encoded subunits [Source:SGD;Acc:S000007283]	ENSG00000198938	MT-CO3	45.2107	1
Q0285															NA	NA
Q0297	Q0297		Mito	85554	85709	+	protein_coding			GO:0005739	mitochondrion	Dubious open reading frame; unlikely to encode a functional protein, based on available experimental and comparative sequence data; partially overlaps the verified gene RPM1 [Source:SGD;Acc:S000007284]			NA	NA
RDN18-1															NA	NA
RDN18-2															NA	NA
RDN25-1															NA	NA
RDN25-2															NA	NA
RDN37-1															NA	NA
RDN37-2															NA	NA
RDN5-1															NA	NA
RDN5-2															NA	NA
RDN5-3															NA	NA
RDN5-4															NA	NA
RDN5-5															NA	NA
RDN5-6															NA	NA
RDN58-1															NA	NA
RDN58-2															NA	NA
RME2															NA	NA
RME3															NA	NA
RNA170															NA	NA
RPR1															NA	NA
RUF20															NA	NA
RUF21															NA	NA
RUF22															NA	NA
RUF23															NA	NA
RUF5-1															NA	NA
RUF5-2															NA	NA
SCR1															NA	NA
snR10															NA	NA
snR11															NA	NA
snR128															NA	NA
snR13															NA	NA
snR14															NA	NA
snR161															NA	NA
snR17a															NA	NA
snR17b															NA	NA
snR18															NA	NA
snR189															NA	NA
snR19															NA	NA
snR190															NA	NA
snR191															NA	NA
snR24															NA	NA
snR3															NA	NA
snR30															NA	NA
snR31															NA	NA
snR32															NA	NA
snR33															NA	NA
snR34															NA	NA
snR35															NA	NA
snR36															NA	NA
snR37															NA	NA
snR38															NA	NA
snR39															NA	NA
snR39B															NA	NA
snR4															NA	NA
snR40															NA	NA
snR41															NA	NA
snR42															NA	NA
snR43															NA	NA
snR44															NA	NA
snR45															NA	NA
snR46															NA	NA
snR47															NA	NA
snR48															NA	NA
snR49															NA	NA
snR5															NA	NA
snR50															NA	NA
snR51															NA	NA
snR52															NA	NA
snR53															NA	NA
snR54															NA	NA
snR55															NA	NA
snR56															NA	NA
snR57															NA	NA
snR58															NA	NA
snR59															NA	NA
snR6															NA	NA
snR60															NA	NA
snR61															NA	NA
snR62															NA	NA
snR63															NA	NA
snR64															NA	NA
snR65															NA	NA
snR66															NA	NA
snR67															NA	NA
snR68															NA	NA
snR69															NA	NA
snR7-L															NA	NA
snR7-S															NA	NA
snR70															NA	NA
snR71															NA	NA
snR72															NA	NA
snR73															NA	NA
snR74															NA	NA
snR75															NA	NA
snR76															NA	NA
snR77															NA	NA
snR78															NA	NA
snR79															NA	NA
snR8															NA	NA
snR80															NA	NA
snR81															NA	NA
snR82															NA	NA
snR83															NA	NA
snR84															NA	NA
snR85															NA	NA
snR86															NA	NA
snR87															NA	NA
snR9															NA	NA
SRG1															NA	NA
tA(AGC)D															NA	NA
tA(AGC)F															NA	NA
tA(AGC)G															NA	NA
tA(AGC)H															NA	NA
tA(AGC)J															NA	NA
tA(AGC)K1															NA	NA
tA(AGC)K2															NA	NA
tA(AGC)L															NA	NA
tA(AGC)M1															NA	NA
tA(AGC)M2															NA	NA
tA(AGC)P															NA	NA
tA(UGC)A															NA	NA
tA(UGC)E															NA	NA
tA(UGC)G															NA	NA
tA(UGC)L															NA	NA
tA(UGC)O															NA	NA
tA(UGC)Q															NA	NA
tC(GCA)B															NA	NA
tC(GCA)G															NA	NA
tC(GCA)P1															NA	NA
tC(GCA)P2															NA	NA
tC(GCA)Q															NA	NA
tD(GUC)B															NA	NA
tD(GUC)D															NA	NA
tD(GUC)G1															NA	NA
tD(GUC)G2															NA	NA
tD(GUC)I1															NA	NA
tD(GUC)I2															NA	NA
tD(GUC)J1															NA	NA
tD(GUC)J2															NA	NA
tD(GUC)J3															NA	NA
tD(GUC)J4															NA	NA
tD(GUC)K															NA	NA
tD(GUC)L1															NA	NA
tD(GUC)L2															NA	NA
tD(GUC)M															NA	NA
tD(GUC)N															NA	NA
tD(GUC)O															NA	NA
tD(GUC)Q															NA	NA
tE(CUC)D															NA	NA
tE(CUC)I															NA	NA
tE(UUC)B															NA	NA
tE(UUC)C															NA	NA
tE(UUC)E1															NA	NA
tE(UUC)E2															NA	NA
tE(UUC)E3															NA	NA
tE(UUC)G1															NA	NA
tE(UUC)G2															NA	NA
tE(UUC)G3															NA	NA
tE(UUC)I															NA	NA
tE(UUC)J															NA	NA
tE(UUC)K															NA	NA
tE(UUC)L															NA	NA
tE(UUC)M															NA	NA
tE(UUC)P															NA	NA
tE(UUC)Q															NA	NA
tF(GAA)B															NA	NA
tF(GAA)D															NA	NA
tF(GAA)F															NA	NA
tF(GAA)G															NA	NA
tF(GAA)H1															NA	NA
tF(GAA)H2															NA	NA
tF(GAA)M															NA	NA
tF(GAA)N															NA	NA
tF(GAA)P1															NA	NA
tF(GAA)P2															NA	NA
tF(GAA)Q															NA	NA
tG(CCC)D															NA	NA
tG(CCC)O															NA	NA
tG(GCC)B															NA	NA
tG(GCC)C															NA	NA
tG(GCC)D1															NA	NA
tG(GCC)D2															NA	NA
tG(GCC)E															NA	NA
tG(GCC)F1															NA	NA
tG(GCC)F2															NA	NA
tG(GCC)G1															NA	NA
tG(GCC)G2															NA	NA
tG(GCC)J1															NA	NA
tG(GCC)J2															NA	NA
tG(GCC)M															NA	NA
tG(GCC)O1															NA	NA
tG(GCC)O2															NA	NA
tG(GCC)P1															NA	NA
tG(GCC)P2															NA	NA
tG(UCC)G															NA	NA
tG(UCC)N															NA	NA
tG(UCC)O															NA	NA
tG(UCC)Q															NA	NA
tH(GUG)E1															NA	NA
tH(GUG)E2															NA	NA
tH(GUG)G1															NA	NA
tH(GUG)G2															NA	NA
tH(GUG)H															NA	NA
tH(GUG)K															NA	NA
tH(GUG)M															NA	NA
tH(GUG)Q															NA	NA
tI(AAU)B															NA	NA
tI(AAU)D															NA	NA
tI(AAU)E1															NA	NA
tI(AAU)E2															NA	NA
tI(AAU)G															NA	NA
tI(AAU)I1															NA	NA
tI(AAU)I2															NA	NA
tI(AAU)L1															NA	NA
tI(AAU)L2															NA	NA
tI(AAU)N1															NA	NA
tI(AAU)N2															NA	NA
tI(AAU)P1															NA	NA
tI(AAU)P2															NA	NA
tI(GAU)Q															NA	NA
tI(UAU)D															NA	NA
tI(UAU)L															NA	NA
tK(CUU)C															NA	NA
tK(CUU)D1															NA	NA
tK(CUU)D2															NA	NA
tK(CUU)E1															NA	NA
tK(CUU)E2															NA	NA
tK(CUU)F															NA	NA
tK(CUU)G1															NA	NA
tK(CUU)G2															NA	NA
tK(CUU)G3															NA	NA
tK(CUU)I															NA	NA
tK(CUU)J															NA	NA
tK(CUU)K															NA	NA
tK(CUU)M															NA	NA
tK(CUU)P															NA	NA
tK(UUU)D															NA	NA
tK(UUU)G1															NA	NA
tK(UUU)G2															NA	NA
tK(UUU)K															NA	NA
tK(UUU)L															NA	NA
tK(UUU)O															NA	NA
tK(UUU)P															NA	NA
tK(UUU)Q															NA	NA
tL(CAA)A															NA	NA
tL(CAA)C															NA	NA
tL(CAA)D															NA	NA
tL(CAA)G1															NA	NA
tL(CAA)G2															NA	NA
tL(CAA)G3															NA	NA
tL(CAA)K															NA	NA
tL(CAA)L															NA	NA
tL(CAA)M															NA	NA
tL(CAA)N															NA	NA
tL(GAG)G															NA	NA
tL(UAA)B1															NA	NA
tL(UAA)B2															NA	NA
tL(UAA)D															NA	NA
tL(UAA)J															NA	NA
tL(UAA)K															NA	NA
tL(UAA)L															NA	NA
tL(UAA)N															NA	NA
tL(UAA)Q															NA	NA
tL(UAG)J															NA	NA
tL(UAG)L1															NA	NA
tL(UAG)L2															NA	NA
tM(CAU)C															NA	NA
tM(CAU)D															NA	NA
tM(CAU)E															NA	NA
tM(CAU)J1															NA	NA
tM(CAU)J2															NA	NA
tM(CAU)J3															NA	NA
tM(CAU)M															NA	NA
tM(CAU)O1															NA	NA
tM(CAU)O2															NA	NA
tM(CAU)P															NA	NA
tM(CAU)Q1															NA	NA
tM(CAU)Q2															NA	NA
tN(GUU)C															NA	NA
tN(GUU)F															NA	NA
tN(GUU)G															NA	NA
tN(GUU)K															NA	NA
tN(GUU)L															NA	NA
tN(GUU)N1															NA	NA
tN(GUU)N2															NA	NA
tN(GUU)O1															NA	NA
tN(GUU)O2															NA	NA
tN(GUU)P															NA	NA
tN(GUU)Q															NA	NA
tP(AGG)C															NA	NA
tP(AGG)N															NA	NA
tP(UGG)A															NA	NA
tP(UGG)F															NA	NA
tP(UGG)H															NA	NA
tP(UGG)L															NA	NA
tP(UGG)M															NA	NA
tP(UGG)N1															NA	NA
tP(UGG)N2															NA	NA
tP(UGG)O1															NA	NA
tP(UGG)O2															NA	NA
tP(UGG)O3															NA	NA
tP(UGG)Q															NA	NA
tQ(CUG)M															NA	NA
tQ(UUG)B															NA	NA
tQ(UUG)C															NA	NA
tQ(UUG)D1															NA	NA
tQ(UUG)D2															NA	NA
tQ(UUG)D3															NA	NA
tQ(UUG)E1															NA	NA
tQ(UUG)E2															NA	NA
tQ(UUG)H															NA	NA
tQ(UUG)L															NA	NA
tQ(UUG)Q															NA	NA
tR(ACG)D															NA	NA
tR(ACG)E															NA	NA
tR(ACG)J															NA	NA
tR(ACG)K															NA	NA
tR(ACG)L															NA	NA
tR(ACG)O															NA	NA
tR(ACG)Q2															NA	NA
tR(CCG)L															NA	NA
tR(CCU)J															NA	NA
tR(UCU)B															NA	NA
tR(UCU)D															NA	NA
tR(UCU)E															NA	NA
tR(UCU)G1															NA	NA
tR(UCU)G2															NA	NA
tR(UCU)G3															NA	NA
tR(UCU)J1															NA	NA
tR(UCU)J2															NA	NA
tR(UCU)K															NA	NA
tR(UCU)M1															NA	NA
tR(UCU)M2															NA	NA
tR(UCU)Q1															NA	NA
tS(AGA)A															NA	NA
tS(AGA)B															NA	NA
tS(AGA)D1															NA	NA
tS(AGA)D2															NA	NA
tS(AGA)D3															NA	NA
tS(AGA)E															NA	NA
tS(AGA)G															NA	NA
tS(AGA)H															NA	NA
tS(AGA)J															NA	NA
tS(AGA)L															NA	NA
tS(AGA)M															NA	NA
tS(CGA)C															NA	NA
tS(GCU)F															NA	NA
tS(GCU)O															NA	NA
tS(GCU)Q1															NA	NA
tS(UGA)E															NA	NA
tS(UGA)I															NA	NA
tS(UGA)P															NA	NA
tS(UGA)Q2															NA	NA
tT(AGU)B															NA	NA
tT(AGU)C															NA	NA
tT(AGU)D															NA	NA
tT(AGU)H															NA	NA
tT(AGU)I1															NA	NA
tT(AGU)I2															NA	NA
tT(AGU)J															NA	NA
tT(AGU)N1															NA	NA
tT(AGU)N2															NA	NA
tT(AGU)O1															NA	NA
tT(AGU)O2															NA	NA
tT(CGU)K															NA	NA
tT(UAG)Q2															NA	NA
tT(UGU)G1															NA	NA
tT(UGU)G2															NA	NA
tT(UGU)H															NA	NA
tT(UGU)P															NA	NA
tT(UGU)Q1															NA	NA
tV(AAC)E1															NA	NA
tV(AAC)E2															NA	NA
tV(AAC)G1															NA	NA
tV(AAC)G2															NA	NA
tV(AAC)G3															NA	NA
tV(AAC)H															NA	NA
tV(AAC)J															NA	NA
tV(AAC)K1															NA	NA
tV(AAC)K2															NA	NA
tV(AAC)L															NA	NA
tV(AAC)M1															NA	NA
tV(AAC)M2															NA	NA
tV(AAC)M3															NA	NA
tV(AAC)O															NA	NA
tV(CAC)D															NA	NA
tV(CAC)H															NA	NA
tV(UAC)B															NA	NA
tV(UAC)D															NA	NA
tV(UAC)Q															NA	NA
tW(CCA)G1															NA	NA
tW(CCA)G2															NA	NA
tW(CCA)J															NA	NA
tW(CCA)K															NA	NA
tW(CCA)M															NA	NA
tW(CCA)P															NA	NA
tW(UCA)Q															NA	NA
tX(XXX)D															NA	NA
tX(XXX)L															NA	NA
tY(GUA)D															NA	NA
tY(GUA)F1															NA	NA
tY(GUA)F2															NA	NA
tY(GUA)J1															NA	NA
tY(GUA)J2															NA	NA
tY(GUA)M1															NA	NA
tY(GUA)M2															NA	NA
tY(GUA)O															NA	NA
tY(GUA)Q															NA	NA
YAL004W															NA	NA
YAL016C-B															NA	NA
YAL019W-A															NA	NA
YAL034C-B															NA	NA
YAL037C-A															NA	NA
YAL037C-B															NA	NA
YAL037W															NA	NA
YAL045C															NA	NA
YAL056C-A															NA	NA
YAL063C-A															NA	NA
YAL064C-A															NA	NA
YAL064W															NA	NA
YAL066W															NA	NA
YAL067W-A															NA	NA
YAL068C															NA	NA
YAL068W-A															NA	NA
YAL069W															NA	NA
YAR019W-A															NA	NA
YAR020C															NA	NA
YAR030C															NA	NA
YAR035C-A															NA	NA
YAR060C															NA	NA
YAR061W															NA	NA
YAR068W															NA	NA
YAR070C															NA	NA
YBL006W-A															NA	NA
YBL012C															NA	NA
YBL028C															NA	NA
YBL029W															NA	NA
YBL039C-A															NA	NA
YBL039W-B															NA	NA
YBL044W															NA	NA
YBL065W															NA	NA
YBL068W-A													ENSG00000108828;ENSG00000106853;ENSG00000140043;ENSG00000258653;ENSG00000171724;ENSG00000197894;ENSG00000115129;ENSG00000196344;ENSG00000172955;ENSG00000196616;ENSG00000187758;ENSG00000248144;ENSG00000140263;ENSG00000205758;ENSG00000180011;ENSG00000198099	VAT1;PTGR1;PTGR2;AC005520.1;VAT1L;ADH5;TP53I3;ADH7;ADH6;ADH1B;ADH1A;ADH1C;SORD;CRYZL1;ZADH2;ADH4	2.54453;3.03951;3.9886;4.87805;4.29594;2.6738;3.61446;1.77665;3.2;2.13333;2.66667;2.13333;3.08123;1.7192;2.38727;3.00752	0;0;0;0;0;0;0;0;0;0;0;0;0;0;0;0
YBL071C-B															NA	NA
YBL073W															NA	NA
YBL077W															NA	NA
YBL081W															NA	NA
YBL083C															NA	NA
YBL086C															NA	NA
YBL096C															NA	NA
YBL100W-C															NA	NA
YBL107W-A															NA	NA
YBL108C-A															NA	NA
YBL108W															NA	NA
YBL109W															NA	NA
YBL112C													ENSG00000108771;ENSG00000107201;ENSG00000115267	DHX58;DDX58;IFIH1	2.80236;2.91892;2.43902	0;0;0
YBR012C															NA	NA
YBR013C															NA	NA
YBR032W															NA	NA
YBR056C-B															NA	NA
YBR056W-A															NA	NA
YBR072C-A															NA	NA
YBR096W													ENSG00000130193	THEM6	15.3846	0
YBR103C-A															NA	NA
YBR121C-A															NA	NA
YBR126W-B															NA	NA
YBR131C-A															NA	NA
YBR134W															NA	NA
YBR141W-A															NA	NA
YBR144C															NA	NA
YBR157C															NA	NA
YBR174C															NA	NA
YBR178W															NA	NA
YBR182C-A															NA	NA
YBR184W															NA	NA
YBR190W															NA	NA
YBR191W-A															NA	NA
YBR196C-B															NA	NA
YBR197C															NA	NA
YBR201C-A															NA	NA
YBR206W															NA	NA
YBR221W-A															NA	NA
YBR223W-A															NA	NA
YBR225W															NA	NA
YBR226C															NA	NA
YBR230W-A															NA	NA
YBR259W															NA	NA
YBR266C															NA	NA
YBR277C															NA	NA
YBR285W															NA	NA
YBR296C-A															NA	NA
YBR298C-A															NA	NA
YCL007C															NA	NA
YCL012C															NA	NA
YCL022C															NA	NA
YCL023C															NA	NA
YCL041C															NA	NA
YCL042W															NA	NA
YCL046W															NA	NA
YCL054W-A															NA	NA
YCL074W															NA	NA
YCL075W															NA	NA
YCL076W															NA	NA
YCR001W															NA	NA
YCR006C															NA	NA
YCR013C															NA	NA
YCR016W															NA	NA
YCR022C															NA	NA
YCR025C															NA	NA
YCR038W-A															NA	NA
YCR043C															NA	NA
YCR045W-A															NA	NA
YCR047W-A															NA	NA
YCR049C															NA	NA
YCR050C															NA	NA
YCR064C															NA	NA
YCR085W															NA	NA
YCR087W															NA	NA
YCR090C													ENSG00000162384	CZIB	21.25	0
YCR095W-A															NA	NA
YCR099C													ENSG00000108018;ENSG00000134243;ENSG00000184985;ENSG00000137642;ENSG00000156395	SORCS1;SORT1;SORCS2;SORL1;SORCS3	3.16781;3.48977;2.58844;1.44535;2.70049	0;0;0;0;0
YCR100C													ENSG00000108018;ENSG00000134243;ENSG00000184985;ENSG00000137642;ENSG00000156395	SORCS1;SORT1;SORCS2;SORL1;SORCS3	5.39384;8.18291;4.91803;2.8907;5.15548	0;0;0;0;0
YCR107W													ENSG00000122787;ENSG00000053371;ENSG00000187134;ENSG00000196139;ENSG00000069424;ENSG00000198074;ENSG00000151632;ENSG00000162482;ENSG00000085662;ENSG00000165568;ENSG00000170049;ENSG00000117448;ENSG00000211454;ENSG00000227471;ENSG00000169282;ENSG00000264006;ENSG00000198610	AKR1D1;AKR7A2;AKR1C1;AKR1C3;KCNAB2;AKR1B10;AKR1C2;AKR7A3;AKR1B1;AKR1E2;KCNAB3;AKR1A1;AKR7L;AKR1B15;KCNAB1;AKR1C8P;AKR1C4	12.5767;15.5989;13.6223;14.5511;14.2169;13.9241;13.6223;16.6163;12.6582;14.6875;16.5842;12.9231;16.0121;12.2093;12.8878;13.4969;14.2415	0;0;0;0;0;0;0;0;0;0;0;0;0;0;0;0;0
YCR108C															NA	NA
YDL007C-A															NA	NA
YDL016C															NA	NA
YDL022C-A															NA	NA
YDL023C															NA	NA
YDL025W-A															NA	NA
YDL032W															NA	NA
YDL034W															NA	NA
YDL037C															NA	NA
YDL062W															NA	NA
YDL071C															NA	NA
YDL086C-A															NA	NA
YDL096C															NA	NA
YDL114W-A															NA	NA
YDL118W															NA	NA
YDL151C															NA	NA
YDL158C															NA	NA
YDL159W-A															NA	NA
YDL162C															NA	NA
YDL163W															NA	NA
YDL169C															NA	NA
YDL176W															NA	NA
YDL177C															NA	NA
YDL185C-A															NA	NA
YDL186W															NA	NA
YDL187C															NA	NA
YDL221W															NA	NA
YDL228C															NA	NA
YDL240C-A															NA	NA
YDL241W															NA	NA
YDL242W															NA	NA
YDL243C													ENSG00000122787;ENSG00000053371;ENSG00000187134;ENSG00000196139;ENSG00000069424;ENSG00000198074;ENSG00000151632;ENSG00000162482;ENSG00000085662;ENSG00000165568;ENSG00000170049;ENSG00000117448;ENSG00000211454;ENSG00000227471;ENSG00000169282;ENSG00000264006;ENSG00000198610	AKR1D1;AKR7A2;AKR1C1;AKR1C3;KCNAB2;AKR1B10;AKR1C2;AKR7A3;AKR1B1;AKR1E2;KCNAB3;AKR1A1;AKR7L;AKR1B15;KCNAB1;AKR1C8P;AKR1C4	11.3497;15.0418;12.6935;13.9319;13.9759;13.6076;12.6935;17.2205;12.3418;15;15.3465;12.3077;16.9184;12.5;12.8878;11.6564;13.6223	0;0;0;0;0;0;0;0;0;0;0;0;0;0;0;0;0
YDL247W-A															NA	NA
YDR003W-A															NA	NA
YDR010C															NA	NA
YDR015C															NA	NA
YDR024W															NA	NA
YDR042C															NA	NA
YDR068W															NA	NA
YDR094W															NA	NA
YDR095C															NA	NA
YDR102C															NA	NA
YDR114C															NA	NA
YDR118W-A															NA	NA
YDR124W															NA	NA
YDR154C															NA	NA
YDR157W															NA	NA
YDR169C-A															NA	NA
YDR194W-A															NA	NA
YDR203W															NA	NA
YDR220C															NA	NA
YDR230W															NA	NA
YDR246W-A															NA	NA
YDR249C															NA	NA
YDR271C															NA	NA
YDR274C															NA	NA
YDR277C															NA	NA
YDR286C															NA	NA
YDR320W-B															NA	NA
YDR327W															NA	NA
YDR344C															NA	NA
YDR354C-A															NA	NA
YDR360W															NA	NA
YDR371C-A															NA	NA
YDR426C															NA	NA
YDR433W															NA	NA
YDR455C															NA	NA
YDR461C-A															NA	NA
YDR464C-A															NA	NA
YDR475C															NA	NA
YDR524C-A															NA	NA
YDR524W-C															NA	NA
YDR525W															NA	NA
YDR535C															NA	NA
YDR537C															NA	NA
YDR542W															NA	NA
YDR543C															NA	NA
YDR544C															NA	NA
YEL008C-A															NA	NA
YEL008W															NA	NA
YEL009C-A															NA	NA
YEL010W															NA	NA
YEL020C-B															NA	NA
YEL023C															NA	NA
YEL028W															NA	NA
YEL030C-A															NA	NA
YEL032C-A															NA	NA
YEL035C															NA	NA
YEL057C															NA	NA
YEL067C															NA	NA
YEL068C															NA	NA
YEL073C															NA	NA
YEL074W															NA	NA
YEL075C													ENSG00000108771;ENSG00000107201;ENSG00000115267	DHX58;DDX58;IFIH1	2.94985;1.40541;2.2439	0;0;0
YEL075W-A															NA	NA
YEL076C															NA	NA
YEL076C-A															NA	NA
YEL077W-A															NA	NA
YER006C-A															NA	NA
YER023C-A															NA	NA
YER034W															NA	NA
YER046W-A															NA	NA
YER066C-A															NA	NA
YER076C															NA	NA
YER078W-A															NA	NA
YER079W															NA	NA
YER085C															NA	NA
YER087C-A															NA	NA
YER088C-A															NA	NA
YER088W-B															NA	NA
YER090C-A															NA	NA
YER091C-A															NA	NA
YER097W															NA	NA
YER119C-A															NA	NA
YER121W															NA	NA
YER133W-A															NA	NA
YER135C															NA	NA
YER137W-A															NA	NA
YER138W-A															NA	NA
YER145C-A															NA	NA
YER152W-A															NA	NA
YER156C													ENSG00000139637	C12orf10	39.6277	1
YER158C															NA	NA
YER172C-A															NA	NA
YER175W-A															NA	NA
YER186C															NA	NA
YER187W															NA	NA
YER188C-A															NA	NA
YER188W															NA	NA
YER189W													ENSG00000108771;ENSG00000107201;ENSG00000115267	DHX58;DDX58;IFIH1	2.94985;1.51351;2.34146	0;0;0
YFL012W															NA	NA
YFL019C															NA	NA
YFL031C-A															NA	NA
YFL041W-A															NA	NA
YFL056C															NA	NA
YFL063W															NA	NA
YFL064C													ENSG00000108771;ENSG00000107201;ENSG00000115267	DHX58;DDX58;IFIH1	4.27729;2.16216;3.21951	0;0;0
YFL065C															NA	NA
YFR009W-A															NA	NA
YFR012W-A															NA	NA
YFR020W															NA	NA
YFR026C															NA	NA
YFR034W-A															NA	NA
YFR054C															NA	NA
YGL006W-A															NA	NA
YGL007C-A															NA	NA
YGL007W															NA	NA
YGL014C-A															NA	NA
YGL015C															NA	NA
YGL052W															NA	NA
YGL063C-A															NA	NA
YGL069C															NA	NA
YGL102C															NA	NA
YGL109W															NA	NA
YGL117W															NA	NA
YGL118C															NA	NA
YGL123C-A															NA	NA
YGL132W															NA	NA
YGL138C															NA	NA
YGL176C															NA	NA
YGL177W															NA	NA
YGL182C															NA	NA
YGL188C															NA	NA
YGL188C-A															NA	NA
YGL193C															NA	NA
YGL199C															NA	NA
YGL217C															NA	NA
YGL218W															NA	NA
YGL235W															NA	NA
YGL258W-A															NA	NA
YGL260W															NA	NA
YGL261C															NA	NA
YGL262W															NA	NA
YGR011W															NA	NA
YGR018C															NA	NA
YGR021W													ENSG00000136463	TACO1	23.569	0
YGR022C															NA	NA
YGR025W															NA	NA
YGR035C															NA	NA
YGR035W-A															NA	NA
YGR039W															NA	NA
YGR050C															NA	NA
YGR051C															NA	NA
YGR053C															NA	NA
YGR064W															NA	NA
YGR068W-A															NA	NA
YGR079W															NA	NA
YGR107W															NA	NA
YGR111W															NA	NA
YGR121W-A															NA	NA
YGR122C-A															NA	NA
YGR126W															NA	NA
YGR127W													ENSG00000183597	TANGO2	24.2902	0
YGR139W															NA	NA
YGR146C															NA	NA
YGR153W															NA	NA
YGR161W-C															NA	NA
YGR164W															NA	NA
YGR174C															NA	NA
YGR174W-A															NA	NA
YGR176W															NA	NA
YGR182C															NA	NA
YGR187C													ENSG00000235173	HGH1	22.3077	0
YGR190C															NA	NA
YGR204C-A															NA	NA
YGR237C															NA	NA
YGR240C-A															NA	NA
YGR259C															NA	NA
YGR273C															NA	NA
YGR291C															NA	NA
YHL006W-A															NA	NA
YHL013C													ENSG00000155100;ENSG00000164164;ENSG00000189401	OTUD6B;OTUD4;OTUD6A	31.5789;2.66921;25.3472	0;0;0
YHL015W-A															NA	NA
YHL030W-A															NA	NA
YHL034W-A															NA	NA
YHL041W															NA	NA
YHL046C															NA	NA
YHL046W-A															NA	NA
YHL048C-A															NA	NA
YHL049C													ENSG00000108771;ENSG00000107201;ENSG00000115267	DHX58;DDX58;IFIH1	5.30973;2.7027;4	0;0;0
YHR022C-A															NA	NA
YHR028W-A															NA	NA
YHR032C-A															NA	NA
YHR032W-A															NA	NA
YHR050W-A															NA	NA
YHR054C															NA	NA
YHR070C-A															NA	NA
YHR071C-A															NA	NA
YHR073C-B															NA	NA
YHR073W-A															NA	NA
YHR086W-A															NA	NA
YHR093W															NA	NA
YHR095W															NA	NA
YHR125W															NA	NA
YHR131W-A															NA	NA
YHR137C-A															NA	NA
YHR139C-A															NA	NA
YHR165W-A															NA	NA
YHR173C															NA	NA
YHR180C-B															NA	NA
YHR182C-A															NA	NA
YHR182W															NA	NA
YHR193C-A															NA	NA
YHR212C															NA	NA
YHR212W-A															NA	NA
YHR213W															NA	NA
YHR213W-B															NA	NA
YHR214C-E															NA	NA
YHR214W-A															NA	NA
YHR217C															NA	NA
YHR218W-A													ENSG00000108771;ENSG00000107201;ENSG00000115267	DHX58;DDX58;IFIH1	2.80236;2.91892;2.43902	0;0;0
YHR219W													ENSG00000108771;ENSG00000107201;ENSG00000115267	DHX58;DDX58;IFIH1	4.12979;3.02703;3.70732	0;0;0
YIL002W-A															NA	NA
YIL012W															NA	NA
YIL014C-A															NA	NA
YIL021C-A															NA	NA
YIL024C															NA	NA
YIL025C															NA	NA
YIL028W															NA	NA
YIL029W-A															NA	NA
YIL032C															NA	NA
YIL047C-A															NA	NA
YIL055C															NA	NA
YIL058W															NA	NA
YIL059C															NA	NA
YIL068W-A															NA	NA
YIL077C															NA	NA
YIL086C															NA	NA
YIL100W															NA	NA
YIL102C															NA	NA
YIL105W-A															NA	NA
YIL115W-A															NA	NA
YIL141W															NA	NA
YIL142C-A															NA	NA
YIL152W															NA	NA
YIL156W-B															NA	NA
YIL161W															NA	NA
YIL163C															NA	NA
YIL170W															NA	NA
YIL171W															NA	NA
YIL174W															NA	NA
YIL175W															NA	NA
YIL176C															NA	NA
YIR018C-A															NA	NA
YIR020C															NA	NA
YIR020C-B															NA	NA
YIR020W-A															NA	NA
YIR030C															NA	NA
YIR030W-A															NA	NA
YIR040C															NA	NA
YIR041W															NA	NA
YJL009W															NA	NA
YJL015C															NA	NA
YJL020W-A															NA	NA
YJL022W															NA	NA
YJL026C-A															NA	NA
YJL027C															NA	NA
YJL032W															NA	NA
YJL043W															NA	NA
YJL047C-A															NA	NA
YJL049W															NA	NA
YJL052C-A															NA	NA
YJL064W															NA	NA
YJL077W-A															NA	NA
YJL077W-B															NA	NA
YJL119C															NA	NA
YJL127W-A															NA	NA
YJL135W															NA	NA
YJL136W-A															NA	NA
YJL150W															NA	NA
YJL169W															NA	NA
YJL181W															NA	NA
YJL188C															NA	NA
YJL197C-A															NA	NA
YJL199C															NA	NA
YJL211C															NA	NA
YJL215C															NA	NA
YJL222W-A															NA	NA
YJL222W-B															NA	NA
YJL223C															NA	NA
YJR011C															NA	NA
YJR020W															NA	NA
YJR037W															NA	NA
YJR039W															NA	NA
YJR056C															NA	NA
YJR061W													ENSG00000106692	FKTN	16.4859	0
YJR071W															NA	NA
YJR079W															NA	NA
YJR083C															NA	NA
YJR087W															NA	NA
YJR114W															NA	NA
YJR115W															NA	NA
YJR128W															NA	NA
YJR140W-A															NA	NA
YJR141W															NA	NA
YJR151W-A															NA	NA
YJR155W													ENSG00000122787;ENSG00000053371;ENSG00000187134;ENSG00000196139;ENSG00000069424;ENSG00000198074;ENSG00000151632;ENSG00000162482;ENSG00000085662;ENSG00000165568;ENSG00000170049;ENSG00000117448;ENSG00000211454;ENSG00000227471;ENSG00000169282;ENSG00000264006;ENSG00000198610	AKR1D1;AKR7A2;AKR1C1;AKR1C3;KCNAB2;AKR1B10;AKR1C2;AKR7A3;AKR1B1;AKR1E2;KCNAB3;AKR1A1;AKR7L;AKR1B15;KCNAB1;AKR1C8P;AKR1C4	9.81595;12.2563;10.2167;11.4551;10.6024;11.0759;10.2167;13.8973;10.443;12.1875;12.1287;10.7692;13.5952;10.4651;9.54654;9.81595;10.8359	0;0;0;0;0;0;0;0;0;0;0;0;0;0;0;0;0
YJR157W															NA	NA
YJR162C															NA	NA
YKL030W															NA	NA
YKL036C															NA	NA
YKL053W															NA	NA
YKL063C															NA	NA
YKL066W															NA	NA
YKL068W-A															NA	NA
YKL075C															NA	NA
YKL077W															NA	NA
YKL083W															NA	NA
YKL097C															NA	NA
YKL098W															NA	NA
YKL100W-A															NA	NA
YKL102C															NA	NA
YKL106C-A															NA	NA
YKL111C															NA	NA
YKL115C															NA	NA
YKL118W															NA	NA
YKL123W															NA	NA
YKL131W															NA	NA
YKL136W															NA	NA
YKL147C															NA	NA
YKL153W															NA	NA
YKL156C-A															NA	NA
YKL162C-A															NA	NA
YKL169C															NA	NA
YKL177W															NA	NA
YKL202W															NA	NA
YKL223W															NA	NA
YKL224C															NA	NA
YKL225W															NA	NA
YKR011C															NA	NA
YKR012C															NA	NA
YKR015C															NA	NA
YKR032W															NA	NA
YKR033C															NA	NA
YKR035C															NA	NA
YKR040C															NA	NA
YKR047W															NA	NA
YKR073C															NA	NA
YKR077W															NA	NA
YLL016W															NA	NA
YLL017W															NA	NA
YLL019W-A															NA	NA
YLL025W															NA	NA
YLL044W															NA	NA
YLL064C															NA	NA
YLL065W															NA	NA
YLL066W-B															NA	NA
YLL067C													ENSG00000108771;ENSG00000107201;ENSG00000115267	DHX58;DDX58;IFIH1	14.1593;12;11.6098	0;0;0
YLR012C															NA	NA
YLR030W															NA	NA
YLR031W															NA	NA
YLR041W															NA	NA
YLR049C															NA	NA
YLR053C															NA	NA
YLR062C															NA	NA
YLR076C															NA	NA
YLR112W															NA	NA
YLR120W-A															NA	NA
YLR124W															NA	NA
YLR125W															NA	NA
YLR146W-A															NA	NA
YLR149C-A															NA	NA
YLR154C-G															NA	NA
YLR154C-H															NA	NA
YLR154W-A															NA	NA
YLR154W-B															NA	NA
YLR154W-E															NA	NA
YLR154W-F															NA	NA
YLR156C-A															NA	NA
YLR156W															NA	NA
YLR157C-C															NA	NA
YLR157W-D															NA	NA
YLR157W-E															NA	NA
YLR159C-A															NA	NA
YLR159W															NA	NA
YLR161W															NA	NA
YLR162W-A															NA	NA
YLR163W-A															NA	NA
YLR184W															NA	NA
YLR202C															NA	NA
YLR217W															NA	NA
YLR222C-A															NA	NA
YLR232W															NA	NA
YLR235C															NA	NA
YLR236C															NA	NA
YLR252W															NA	NA
YLR255C															NA	NA
YLR261C															NA	NA
YLR264C-A															NA	NA
YLR267W															NA	NA
YLR280C															NA	NA
YLR282C															NA	NA
YLR285C-A															NA	NA
YLR286W-A															NA	NA
YLR299C-A															NA	NA
YLR307C-A															NA	NA
YLR313C															NA	NA
YLR317W															NA	NA
YLR331C															NA	NA
YLR347W-A															NA	NA
YLR349W															NA	NA
YLR358C															NA	NA
YLR361C-A															NA	NA
YLR364C-A															NA	NA
YLR365W															NA	NA
YLR366W															NA	NA
YLR399W-A															NA	NA
YLR406C-A															NA	NA
YLR412C-A															NA	NA
YLR416C															NA	NA
YLR428C															NA	NA
YLR434C															NA	NA
YLR437C-A															NA	NA
YLR462W													ENSG00000108771;ENSG00000107201;ENSG00000115267	DHX58;DDX58;IFIH1	4.57227;2.27027;3.12195	0;0;0
YLR463C															NA	NA
YLR464W															NA	NA
YLR465C															NA	NA
YLR466C-B															NA	NA
YML002W													ENSG00000286143;ENSG00000065534;ENSG00000167657;ENSG00000162614;ENSG00000035664;ENSG00000196730	AC053503.7;MYLK;DAPK3;NEXN;DAPK2;DAPK1	13.4111;5.01567;20.2643;9.92593;19.0574;7.55245	0;0;0;0;0;0
YML003W															NA	NA
YML012C-A															NA	NA
YML020W															NA	NA
YML031C-A															NA	NA
YML034C-A															NA	NA
YML037C															NA	NA
YML050W															NA	NA
YML053C															NA	NA
YML054C-A															NA	NA
YML079W															NA	NA
YML083C															NA	NA
YML084W															NA	NA
YML089C															NA	NA
YML094C-A															NA	NA
YML100W-A															NA	NA
YML108W															NA	NA
YML116W-A															NA	NA
YML119W															NA	NA
YML122C															NA	NA
YMR001C-A															NA	NA
YMR007W															NA	NA
YMR013W-A															NA	NA
YMR031W-A															NA	NA
YMR057C															NA	NA
YMR075C-A															NA	NA
YMR082C															NA	NA
YMR086C-A															NA	NA
YMR103C															NA	NA
YMR105W-A															NA	NA
YMR107W															NA	NA
YMR122C															NA	NA
YMR124W															NA	NA
YMR135W-A															NA	NA
YMR141C															NA	NA
YMR144W															NA	NA
YMR147W															NA	NA
YMR153C-A															NA	NA
YMR158C-A															NA	NA
YMR160W															NA	NA
YMR175W-A															NA	NA
YMR178W															NA	NA
YMR181C															NA	NA
YMR194C-A															NA	NA
YMR206W															NA	NA
YMR230W-A															NA	NA
YMR242W-A															NA	NA
YMR245W															NA	NA
YMR247W-A															NA	NA
YMR252C															NA	NA
YMR265C															NA	NA
YMR272W-A															NA	NA
YMR272W-B															NA	NA
YMR294W-A															NA	NA
YMR295C															NA	NA
YMR307C-A															NA	NA
YMR315W-A															NA	NA
YMR316C-A															NA	NA
YMR317W															NA	NA
YMR320W															NA	NA
YMR325W															NA	NA
YMR326C															NA	NA
YNL011C															NA	NA
YNL017C															NA	NA
YNL018C															NA	NA
YNL028W															NA	NA
YNL034W															NA	NA
YNL042W-B															NA	NA
YNL043C															NA	NA
YNL050C															NA	NA
YNL057W															NA	NA
YNL067W-A															NA	NA
YNL067W-B															NA	NA
YNL089C															NA	NA
YNL097C-B															NA	NA
YNL097W-A															NA	NA
YNL103W															NA	NA
YNL103W-A															NA	NA
YNL120C															NA	NA
YNL140C															NA	NA
YNL144C															NA	NA
YNL144W-A															NA	NA
YNL146C-A															NA	NA
YNL150W															NA	NA
YNL165W															NA	NA
YNL170W															NA	NA
YNL171C															NA	NA
YNL184C															NA	NA
YNL193W															NA	NA
YNL205C															NA	NA
YNL226W															NA	NA
YNL239W													ENSG00000108578	BLMH	39.1209	1
YNL269W															NA	NA
YNL276C															NA	NA
YNL277W-A															NA	NA
YNL285W															NA	NA
YNL296W															NA	NA
YNL303W															NA	NA
YNL319W															NA	NA
YNL331C													ENSG00000122787;ENSG00000053371;ENSG00000187134;ENSG00000196139;ENSG00000069424;ENSG00000198074;ENSG00000151632;ENSG00000162482;ENSG00000085662;ENSG00000165568;ENSG00000170049;ENSG00000117448;ENSG00000211454;ENSG00000227471;ENSG00000169282;ENSG00000264006;ENSG00000198610	AKR1D1;AKR7A2;AKR1C1;AKR1C3;KCNAB2;AKR1B10;AKR1C2;AKR7A3;AKR1B1;AKR1E2;KCNAB3;AKR1A1;AKR7L;AKR1B15;KCNAB1;AKR1C8P;AKR1C4	12.2699;15.5989;13.0031;14.2415;14.9398;13.2911;13.0031;17.8248;12.3418;15;15.8416;12.9231;17.5227;11.6279;14.0811;13.1902;13.9319	0;0;0;0;0;0;0;0;0;0;0;0;0;0;0;0;0
YNL337W															NA	NA
YNL338W															NA	NA
YNR001W-A															NA	NA
YNR003W-A															NA	NA
YNR014W															NA	NA
YNR020C													ENSG00000166896	ATP23	28.4553	1
YNR040W															NA	NA
YNR042W															NA	NA
YNR075C-A															NA	NA
YNR076W															NA	NA
YNR077C															NA	NA
YOL013W-A															NA	NA
YOL014W															NA	NA
YOL015W															NA	NA
YOL019W-A															NA	NA
YOL024W															NA	NA
YOL036W															NA	NA
YOL038C-A															NA	NA
YOL046C															NA	NA
YOL050C															NA	NA
YOL063C															NA	NA
YOL083C-A															NA	NA
YOL085C															NA	NA
YOL085W-A															NA	NA
YOL097W-A															NA	NA
YOL106W															NA	NA
YOL118C															NA	NA
YOL131W															NA	NA
YOL150C															NA	NA
YOL155W-A															NA	NA
YOL160W															NA	NA
YOL164W-A															NA	NA
YOL165C													ENSG00000122787;ENSG00000053371;ENSG00000187134;ENSG00000196139;ENSG00000069424;ENSG00000198074;ENSG00000151632;ENSG00000162482;ENSG00000085662;ENSG00000165568;ENSG00000170049;ENSG00000117448;ENSG00000211454;ENSG00000227471;ENSG00000169282;ENSG00000264006;ENSG00000198610	AKR1D1;AKR7A2;AKR1C1;AKR1C3;KCNAB2;AKR1B10;AKR1C2;AKR7A3;AKR1B1;AKR1E2;KCNAB3;AKR1A1;AKR7L;AKR1B15;KCNAB1;AKR1C8P;AKR1C4	4.29448;5.01393;5.88235;6.50155;5.3012;5.06329;5.88235;5.13595;4.74684;5.625;6.43564;5.23077;5.13595;4.94186;4.05728;5.52147;6.19195	0;0;0;0;0;0;0;0;0;0;0;0;0;0;0;0;0
YOL166W-A															NA	NA
YOR008W-B															NA	NA
YOR011W-A															NA	NA
YOR012W															NA	NA
YOR024W															NA	NA
YOR029W															NA	NA
YOR041C															NA	NA
YOR050C															NA	NA
YOR055W															NA	NA
YOR072W															NA	NA
YOR072W-A															NA	NA
YOR072W-B															NA	NA
YOR073W-A															NA	NA
YOR102W															NA	NA
YOR105W															NA	NA
YOR108C-A															NA	NA
YOR114W															NA	NA
YOR121C															NA	NA
YOR139C															NA	NA
YOR161W-A															NA	NA
YOR161W-B															NA	NA
YOR169C															NA	NA
YOR170W															NA	NA
YOR186C-A															NA	NA
YOR192C-C															NA	NA
YOR200W															NA	NA
YOR203W															NA	NA
YOR231C-A															NA	NA
YOR248W															NA	NA
YOR263C															NA	NA
YOR289W													ENSG00000144233;ENSG00000101935	AMMECR1L;AMMECR1	25.1613;23.1231	1;0
YOR293C-A															NA	NA
YOR300W															NA	NA
YOR309C															NA	NA
YOR314W															NA	NA
YOR314W-A															NA	NA
YOR316C-A															NA	NA
YOR318C															NA	NA
YOR325W															NA	NA
YOR333C															NA	NA
YOR335W-A															NA	NA
YOR343C															NA	NA
YOR364W															NA	NA
YOR366W															NA	NA
YOR376W-A															NA	NA
YOR379C															NA	NA
YOR381W-A															NA	NA
YOR394C-A															NA	NA
YOR394W															NA	NA
YPL025C															NA	NA
YPL034W															NA	NA
YPL035C															NA	NA
YPL038W-A															NA	NA
YPL039W															NA	NA
YPL062W															NA	NA
YPL073C															NA	NA
YPL077C															NA	NA
YPL080C															NA	NA
YPL088W															NA	NA
YPL102C															NA	NA
YPL135C-A															NA	NA
YPL136W															NA	NA
YPL142C															NA	NA
YPL152W-A															NA	NA
YPL197C															NA	NA
YPL222C-A															NA	NA
YPL250W-A															NA	NA
YPL251W															NA	NA
YPL261C															NA	NA
YPL272C															NA	NA
YPL275W															NA	NA
YPL276W															NA	NA
YPL278C															NA	NA
YPL282C															NA	NA
YPR002C-A															NA	NA
YPR014C															NA	NA
YPR016W-A															NA	NA
YPR044C															NA	NA
YPR053C															NA	NA
YPR059C															NA	NA
YPR074W-A															NA	NA
YPR076W															NA	NA
YPR078C															NA	NA
YPR092W															NA	NA
YPR096C															NA	NA
YPR099C															NA	NA
YPR108W-A															NA	NA
YPR136C															NA	NA
YPR145C-A															NA	NA
YPR160C-A															NA	NA
YPR160W-A															NA	NA
YPR177C															NA	NA
YPR195C															NA	NA
YPR197C															NA	NA
YPR202W													ENSG00000108771;ENSG00000107201;ENSG00000115267	DHX58;DDX58;IFIH1	4.57227;3.02703;4	0;0;0
YPR203W															NA	NA
ZOD1															NA	NA
